{
  "rewards": [
    53.64737257361412,
    55.032013297080994
  ],
  "completion_rates": [
    1.0,
    1.0
  ],
  "episode_lengths": [
    90,
    90
  ],
  "throughputs": [
    0.2111111111111111,
    0.2111111111111111
  ],
  "avg_energy_usage": [
    8.350048533333332,
    7.9437375999999995
  ],
  "energy_over_budget_rate": [
    0.0,
    0.0
  ],
  "avg_delay": [
    3.4269890603223936,
    2.811111111111111
  ],
  "p95_delay": [
    20.399999999999995,
    17.549999999999997
  ],
  "max_delay": [
    25.0,
    22.0
  ],
  "avg_breakdown_risk": [
    0.14048540666666642,
    0.12106507333333304
  ],
  "breakdown_rate": [
    0.1,
    0.08888888888888889
  ],
  "action_validity_rate": [
    1.0,
    1.0
  ]
}