{
  "rewards": [
    34.49087834111812,
    24.224014728454318
  ],
  "completion_rates": [
    1.0,
    1.0
  ],
  "episode_lengths": [
    90,
    60
  ],
  "throughputs": [
    0.2111111111111111,
    0.3333333333333333
  ],
  "avg_energy_usage": [
    8.239984533333331,
    11.34846533333333
  ],
  "energy_over_budget_rate": [
    0.0,
    0.0
  ],
  "avg_delay": [
    38.733333333333334,
    26.6
  ],
  "p95_delay": [
    78.55,
    53.05
  ],
  "max_delay": [
    83.0,
    56.0
  ],
  "avg_breakdown_risk": [
    0.2475394066666663,
    0.2218175399999997
  ],
  "breakdown_rate": [
    0.07777777777777778,
    0.03333333333333333
  ],
  "action_validity_rate": [
    0.26666666666666666,
    0.38333333333333336
  ]
}