{
  "rewards": [
    624.2700018920004,
    592.9099986646324,
    503.41000060737133,
    595.4400024563074,
    652.7900022733957,
    624.7400020286441,
    569.1700029503554,
    683.2499975711107,
    683.9999993592501,
    539.070001879707,
    654.4300016202033,
    681.7900018803775,
    595.7699991986156,
    716.4400010220706,
    505.71000058948994,
    593.8099974822253,
    717.1200020425022,
    507.8000002242625,
    626.0499997101724,
    594.1500031724572,
    567.5400006435812,
    655.2100016567856,
    593.5900010038167,
    624.2999980524182,
    687.8800052553415,
    650.3199990056455,
    681.429999511689,
    623.8800013493747,
    600.5200000628829,
    530.550001617521
  ],
  "completion_rates": [
    0.9333333333333333,
    1.0,
    0.8666666666666667,
    0.9666666666666667,
    1.0,
    0.9666666666666667,
    1.0,
    0.9666666666666667,
    0.9333333333333333,
    1.0,
    1.0,
    0.9333333333333333,
    0.9333333333333333,
    1.0,
    0.9333333333333333,
    1.0,
    0.9666666666666667,
    1.0,
    0.9333333333333333,
    0.9,
    0.9666666666666667,
    0.9666666666666667,
    1.0,
    0.9,
    1.0,
    0.8666666666666667,
    0.9333333333333333,
    0.9666666666666667,
    0.9333333333333333,
    0.8666666666666667
  ],
  "throughputs": [
    0.14,
    0.15,
    0.13,
    0.145,
    0.15,
    0.145,
    0.15,
    0.145,
    0.14,
    0.15,
    0.15,
    0.14,
    0.14,
    0.15,
    0.14,
    0.15,
    0.145,
    0.15,
    0.14,
    0.135,
    0.145,
    0.145,
    0.15,
    0.135,
    0.15,
    0.13,
    0.14,
    0.145,
    0.14,
    0.13
  ],
  "idle_machines_list": [
    6.44,
    6.39,
    6.385,
    6.15,
    6.485,
    6.305,
    6.265,
    6.495,
    6.28,
    6.515,
    6.46,
    6.33,
    6.28,
    6.49,
    6.25,
    6.585,
    6.345,
    6.41,
    6.705,
    6.33,
    6.5,
    6.39,
    6.42,
    6.34,
    6.435,
    6.195,
    6.395,
    6.68,
    6.275,
    6.35
  ]
}