{
  "rewards": [
    12.829590154387013,
    11.289341928992192
  ],
  "completion_rates": [
    1.0,
    1.0
  ],
  "episode_lengths": [
    28,
    25
  ],
  "throughputs": [
    0.7142857142857143,
    0.8
  ],
  "avg_energy_usage": [
    22.11073314285714,
    24.324430080000003
  ],
  "energy_over_budget_rate": [
    0.0,
    0.0
  ],
  "avg_delay": [
    11.806681760699618,
    11.09153219003219
  ],
  "p95_delay": [
    24.208333333333332,
    21.799999999999997
  ],
  "max_delay": [
    25.0,
    23.0
  ],
  "avg_breakdown_risk": [
    0.2825499,
    0.30039717600000004
  ],
  "breakdown_rate": [
    0.10714285714285714,
    0.08
  ],
  "action_validity_rate": [
    1.0,
    1.0
  ]
}