{
  "rewards": [
    732.1999998874962,
    722.6000029742718,
    665.8500012643635,
    695.3499989695847,
    697.9000037834048,
    754.6500030755997,
    757.2999994158745,
    714.7500021159649,
    727.0999990701675,
    752.6000035591424,
    700.3000047691166,
    756.2000044062734,
    762.4500023908913,
    762.5000067949295,
    764.0500005222857,
    766.6000052839518,
    699.050001885742,
    751.7000022344291,
    680.3000029139221,
    736.5500028729439
  ],
  "completion_rates": [
    1.0,
    1.0,
    0.95,
    1.0,
    0.95,
    1.0,
    1.0,
    0.95,
    0.95,
    1.0,
    1.0,
    1.0,
    1.0,
    1.0,
    1.0,
    0.95,
    1.0,
    1.0,
    1.0,
    0.9
  ],
  "throughputs": [
    0.2,
    0.2,
    0.19,
    0.2,
    0.19,
    0.2,
    0.2,
    0.19,
    0.19,
    0.2,
    0.2,
    0.2,
    0.2,
    0.2,
    0.2,
    0.19,
    0.2,
    0.2,
    0.2,
    0.18
  ],
  "idle_machines_list": [
    3.22,
    3.1,
    3.13,
    3.18,
    3.18,
    3.15,
    3.1,
    3.13,
    2.96,
    3.2,
    3.17,
    3.17,
    3.28,
    3.05,
    3.13,
    2.92,
    3.2,
    3.23,
    3.27,
    3.12
  ]
}